{"cameraMode":{"drawMode":0,"name":"Shaded","section":"Shading Mode"},"sceneLighting":true,"audioPlay":false,"sceneViewState":{"showFog":true,"showMaterialUpdate":false,"showSkybox":true,"showFlares":true,"showImageEffects":true,"showParticleSystems":true},"in2DMode":false,"pivot":{"x":16.688045501708986,"y":2.7090003490448,"z":11.409841537475586},"rotation":{"x":0.012307417578995228,"y":0.9319873452186585,"z":0.031892456114292148,"w":-0.36101582646369936},"size":0.6818357110023499,"orthographic":false}