{"cameraMode":{"drawMode":0,"name":"Shaded","section":"Shading Mode"},"sceneLighting":false,"audioPlay":false,"sceneViewState":{"showFog":true,"showMaterialUpdate":false,"showSkybox":false,"showFlares":true,"showImageEffects":true,"showParticleSystems":true},"in2DMode":false,"pivot":{"x":-0.24058733880519868,"y":0.24108508229255677,"z":-0.29107412695884707},"rotation":{"x":0.2281895875930786,"y":-0.14466489851474763,"z":0.034135568886995319,"w":0.9622759222984314},"size":0.12699675559997559,"orthographic":false}