{"cameraMode":{"drawMode":0,"name":"Shaded","section":"Shading Mode"},"sceneLighting":false,"audioPlay":false,"sceneViewState":{"showFog":true,"showMaterialUpdate":false,"showSkybox":false,"showFlares":true,"showImageEffects":true,"showParticleSystems":true},"in2DMode":false,"pivot":{"x":-0.23177480697631837,"y":-0.09500482678413391,"z":0.48456305265426638},"rotation":{"x":-0.08819124102592468,"y":0.7561087012290955,"z":-0.10404074192047119,"w":-0.6401507258415222},"size":0.4887620806694031,"orthographic":false}