{"cameraMode":{"drawMode":0,"name":"Shaded","section":"Shading Mode"},"sceneLighting":false,"audioPlay":false,"sceneViewState":{"showFog":true,"showMaterialUpdate":false,"showSkybox":false,"showFlares":true,"showImageEffects":true,"showParticleSystems":true},"in2DMode":false,"pivot":{"x":4.489235877990723,"y":2.611440896987915,"z":-4.233933925628662},"rotation":{"x":0.06120748817920685,"y":-0.33080989122390749,"z":0.021189477294683458,"w":0.9415584206581116},"size":0.8660253882408142,"orthographic":false}