{"cameraMode":{"drawMode":0,"name":"Shaded","section":"Shading Mode"},"sceneLighting":false,"audioPlay":false,"sceneViewState":{"showFog":true,"showMaterialUpdate":false,"showSkybox":false,"showFlares":true,"showImageEffects":true,"showParticleSystems":true},"in2DMode":false,"pivot":{"x":-2.2740747928619386,"y":0.7200470566749573,"z":3.0061557292938234},"rotation":{"x":0.03085370734333992,"y":0.9418933391571045,"z":-0.09108544141054154,"w":0.3220910131931305},"size":0.12699675559997559,"orthographic":false}