{"cameraMode":{"drawMode":0,"name":"Shaded","section":"Shading Mode"},"sceneLighting":true,"audioPlay":false,"sceneViewState":{"showFog":true,"showMaterialUpdate":false,"showSkybox":true,"showFlares":true,"showImageEffects":true,"showParticleSystems":true},"in2DMode":false,"pivot":{"x":317.0529479980469,"y":306.2555236816406,"z":-689.2334594726563},"rotation":{"x":0.07054609060287476,"y":0.07406503707170487,"z":-0.005445494782179594,"w":0.9948076605796814},"size":103.07764434814453,"orthographic":false}