{"cameraMode":{"drawMode":0,"name":"Shaded","section":"Shading Mode"},"sceneLighting":true,"audioPlay":false,"sceneViewState":{"showFog":true,"showMaterialUpdate":false,"showSkybox":false,"showFlares":true,"showImageEffects":true,"showParticleSystems":true},"in2DMode":false,"pivot":{"x":-0.5532379150390625,"y":0.0,"z":-2.234365463256836},"rotation":{"x":-0.07567699998617172,"y":-0.46827173233032229,"z":0.040236588567495349,"w":-0.8794676661491394},"size":12.12435531616211,"orthographic":false}