{"cameraMode":{"drawMode":0,"name":"Shaded","section":"Shading Mode"},"sceneLighting":true,"audioPlay":false,"sceneViewState":{"showFog":true,"showMaterialUpdate":false,"showSkybox":true,"showFlares":true,"showImageEffects":true,"showParticleSystems":true,"showVisualEffectGraphs":true,"m_FxEnabled":true},"in2DMode":false,"pivot":{"x":12.096901893615723,"y":-5.392922878265381,"z":6.9455084800720219},"rotation":{"x":-0.21485638618469239,"y":-0.35449257493019106,"z":0.08405526727437973,"w":-0.9061570167541504},"size":13.553559303283692,"orthographic":false}